Biology,Biology, Other
Biology,Anatomy, Other
Biology,AP Biology, AP
Biology,AP Environmental, AP
Biology,AP Psychology, AP
Biology,Bioorganic, Other
Chemistry,Chemistry, Other
Chemistry,Genetics, Other
Chemistry,Introduction to Neuroscience, Other
Chemistry,Living Environment, Other
Chemistry,Living Environment Lab, Other
Chemistry,Environmental Sustainability, Other
Chemistry,Chemistry, Other
Chemistry,Regents Chemistry, Regents
Chemistry,AP Chemistry, AP
Chemistry,Chemical Engineering, Other
Chemistry,Organic Chemistry, Other
Chemistry,MICA, Other
Chemistry,Quantitative Analysis, Other
Chemistry,Forensics, Other
CTE,CTE, Other
CTE,AP Computer Science Principles (10th Grade), AP
CTE,AP Computer Science A, AP
CTE,Big Data Warehousing & Analytics, Other
CTE,Computer Science & Engineering Home, Other
CTE,Cyber Security, Other
CTE,Digital Electronics (Project Lead the Way), Other
CTE,Digital Systems Design, Other
CTE,Fundamentals of IT Infrastructure, Other
CTE,Green Building Construction, Other
CTE,PLTW EDD, Other
CTE,Statics, Other
CTE,Strength of Materials, Other
CTE,Web Development, Other
English,English, Other
English,9th Grade English, Other
English,10th Grade English, Other
English,AP Capstone Seminar, AP
English,11th Grade English, Other
English,AP English Language & Composition, AP
English,AP Capstone Research, AP
English,AP English Literature & Composition, AP
English,Creative Writing, Other
English,Drama, Other
English,Film & Literature, Other
English,Journalism, Other
English,Life, Other
English, Love & Death, Other
English,Mystery, Other
English, Horror & the Supernatural, Other
English,Science Fiction & Fantasy, Other
English,Yearbook, Other
English,The Survey (Tech's Student Newspaper), AP
Health & PE,Health & PE, Other
Health & PE,Physical Education, Other
Health & PE,Health, Other
Languages Other Than English (LOTE),Languages Other Than English (LOTE), Other
Languages Other Than English (LOTE),Chinese, Other
Languages Other Than English (LOTE),AP Chinese Language and Culture, AP
Languages Other Than English (LOTE),French, Other
Languages Other Than English (LOTE),AP French Language and Culture, AP
Languages Other Than English (LOTE),German, Other
Languages Other Than English (LOTE),AP German Language and Culture, AP
Languages Other Than English (LOTE),Italian, Other
Languages Other Than English (LOTE),AP Italian Language and Culture, AP
Languages Other Than English (LOTE),Spanish, Other
Languages Other Than English (LOTE),Spanish IV - Pre-AP, AP
Languages Other Than English (LOTE),AP Spanish Language and Culture, AP
Languages Other Than English (LOTE),AP Spanish Literature and Culture, AP
Mathematics,Mathematics, Other
Mathematics,Common Core Algebra, Other
Mathematics,Common Core Geometry, Other
Mathematics,Common Core Algebra II, Other
Mathematics,Pre-Calculus, Other
Mathematics,Calculus (non-AP), AP
Mathematics,AP Calculus (AB), AP
Mathematics,AP Calculus (BC), AP
Mathematics,AP Statistics, AP
Mathematics,Multivariable Calculus, Other
Mathematics,Math Research, Other
Mathematics,Linear Algebra, Other
Physics,Physics, Other
Physics,Regents Physics, Regents
Physics,Regents Physics Labs, Regents
Physics,AP Physics 1, AP
Physics,AP Physics 2, AP
Physics,AP Physics C (Mechanics), AP
Physics,AP Physics C (E/M), AP
Physics,Astronomy, Other
Physics,Modern Physics, Other
Social Studies,Social Studies, Other
Social Studies,9th Grade Global, Other
Social Studies,10th Grade Regents Global History, Regents
Social Studies,AP World History, AP
Social Studies,AP European History, AP
Social Studies,11th Grade Regents American History, Regents
Social Studies,AP American History, AP
Social Studies,Participation in Government, Other
Social Studies,AP US Government, AP
Social Studies,Economics, Other
Social Studies,AP Macroeconomics, AP
Social Studies,AP Microeconomics, AP
Social Studies,AP Comparative Government, AP
Social Studies,AP Psychology, AP
Social Studies,AP Human Geography, AP
Social Studies,Sociology, Other
Social Studies,Cultural Anthropology, Other
Social Studies,Physical Anthropology, Other
Visual & Performing Arts,Visual & Performing Arts, Other
Visual & Performing Arts,Adobe Digital Video, Other
Visual & Performing Arts,Adobe Visual Design, Other
Visual & Performing Arts,Architectural Drawing w/CAD, Other
Visual & Performing Arts,Digital Animation, Other
Visual & Performing Arts,PLTW CEA, Other
Visual & Performing Arts,PLTW DDP (9th Grade), Other
Visual & Performing Arts,AP Music Theory, AP
Visual & Performing Arts,Basic Strings, Other
Visual & Performing Arts,Beginning Musicianship and Chorus, Other
Visual & Performing Arts,Collaborative Piano/Choral Accompaniment, Other
Visual & Performing Arts,Concert Band, Other
Visual & Performing Arts,Concert Choir, Other
Visual & Performing Arts,Intermediate Orchestra, Other
Visual & Performing Arts,Jazz Band, Other
Visual & Performing Arts,Junior Band, Other
Visual & Performing Arts,Orchestra, Other
Visual & Performing Arts,String Orchestra, Other
Visual & Performing Arts,Symphonic Band, Other
Visual & Performing Arts,Treble Choir, Other
Visual & Performing Arts,Tech Chorale, Other
Visual & Performing Arts,Fundamentals of Product Design, Other
Visual & Performing Arts,Methods of Fabrication, Other
Visual & Performing Arts,Advanced Modeling, Other
Visual & Performing Arts,Inventor Certification, Other